R. Seehoffer,1,"The skill itself isn't bad--in fact I used it for a couple months without issue. My concern is that the pin code necessary to access account information, pay bills, etc is stored as plain text in Alexa's voice history list, and can be read by anyone who looks. 99% of people are not going to know how to go on Amazon through their PC and clear that history, or scroll through hundreds of entries and delete it from the Alexa app. This to me pretty much negates the security aspect of requiring a pin, and so I removed the skill.","on January 10, 2017",3.0 out of 5 stars,Capital One,1503582420.5800736,"Not a bad skill, but access pin is readable by anyone, even months after the fact.",27 people found this helpful.
Logan,1,"This is an awesome feature. However I can't seem to make a payment unless I've been billed. Since I usually pay in advance this isn't quite as convenient as I was hoping it would be, but it is still really convenient to at least check my account balance.","on December 1, 2016",4.0 out of 5 stars,Capital One,1503582420.6021316,Does ALMOST Everything Perfect,14 people found this helpful.
Antonio,0,Very convenient to stay up-to-date information about my account. It's also great that it's secured with a 4 digit code before opening. Hopefully more banks job on this as well.,"on December 2, 2016",5.0 out of 5 stars,Capital One,1503582420.614665,"Great Skill, Very Useful",11 people found this helpful.
Dustin,0,Love capital one! They invest more in tech than any other cc company. Tells me stuff about my quick silver card. Thanks guys! Keep adding more commands!,"on October 21, 2016",5.0 out of 5 stars,Capital One,1503582420.628201,Cool!,8 people found this helpful.
Tom Poole,0,"Technology done right! Frictionless, easy peasy. C1 is setting a new standard.","on December 3, 2016",5.0 out of 5 stars,Capital One,1503582420.6407342,Awesome Skill!!!,7 people found this helpful.
Maria M. Graciano,1,Would be nice if you could restrict which of your accounts the app has access,"on November 29, 2016",4.0 out of 5 stars,Capital One,1503582420.662793,Four Stars,7 people found this helpful.
s@mw1se,4,"This is amazing! I'm sure the functionality will continue to expand, but blown away that I can check my balance and pay a bill without having to use an app.","on March 11, 2016",5.0 out of 5 stars,Capital One,1503582420.7144303,"Alexa, you just made my day!",15 people found this helpful.
Mike303,1,"Extremely useful to check balance, the days spending etc. These are the type of skills that make Alexa most useful, in my opinion anyway.Can‚Äôt wait for other banks to follow suit. I saw a couple reviews that mentioned they had trouble setting up, or it wasn‚Äôt working correctly...Absolutely no issue setting up on my end, took 20 seconds and everything works perfectly","on July 11, 2017",5.0 out of 5 stars,Capital One,1503582420.7374916,Excellent!,3 people found this helpful.
Andrew E Wilkinson,1,"A slight bug...  when I request to make a payment of some amount of dollars &quot;and one cent,&quot; it doesn't map the &quot;and one cent&quot; to an amount, so it asks me to confirm payment of just the whole dollar amount. If I say &quot;and one cents,&quot; it maps that correctly to the additional $.01.","on October 21, 2016",3.0 out of 5 stars,Capital One,1503582420.751027,Promising overall!  Noticed an NLU bug.,5 people found this helpful.
Amazon Customer,0,"May need a lil tweaking , only only to make payments from one save card wont allow you to change to a different card  that is saved on ur capital one accout","on November 26, 2016",4.0 out of 5 stars,Capital One,1503582420.7640622,Mulitiple card,10 people found this helpful.
Robert,0,"Now this is a really useful skill!  We have multiple accounts with Capital One - 360 Checking, Savings, and also a credit card.  This skill allows us to check balances on all of them.  It will also list (i.e. say) recent transactions.  It's just a little bit slow right now, but I'm sure that will improve.We are really eager for this skill to develop even further, e.g. search for transaction by merchant name, transfer funds between accounts, send a check, etc.  But even in the meantime, this saves the need to login the old fashioned way for basic info!","on March 26, 2017",4.0 out of 5 stars,Capital One,1503582425.9292254,The Promise of Alexa Realized,6 people found this helpful.
B. Toy,1,Great skill.  I wish it linked to my Capital One investing account though.  Highly recommend enabling this skill.,"on October 20, 2016",5.0 out of 5 stars,Capital One,1503582425.950783,Worth Enabling,6 people found this helpful.
Janice M,0,Performs exactly as stated,"on December 3, 2016",5.0 out of 5 stars,Capital One,1503582425.9638178,Great,6 people found this helpful.
D. Lamb,0,Does what it does very well. Keep doing more!,"on November 30, 2016",5.0 out of 5 stars,Capital One,1503582425.9773536,Superb,5 people found this helpful.
Mikko,0,No issues with the app. It does what it says. The only thing is you have to ask Alexa to open Capital one first before you can ask anything about your account.,"on December 22, 2016",4.0 out of 5 stars,Capital One,1503582425.990388,Good app,4 people found this helpful.
Amazon Customer,1,I can't link my account despite trying numerous times to do so. Frustrating app thus far. Only one star because it's required for rating.,"on December 22, 2016",1.0 out of 5 stars,Capital One,1503582426.0119452,Frust,4 people found this helpful.
kojak35,0,This is one of the best skills on Amazon Echo.  Love it. Thank you Capital One for being on the leading edge of technology.,"on March 11, 2016",5.0 out of 5 stars,Capital One,1503582426.0249798,Love it,15 people found this helpful.
Hidalgo,1,I keep trying to link the acct to the Alexa app but it keeps telling me that I have to log on to my Capital One acct and resolve an issue before linking. When I log on there's nothing wrong at all. I spoke to a rep and he informed me to contact the app administrator. Unhelpful.,"on May 12, 2017",1.0 out of 5 stars,Capital One,1503582426.0475402,Not helpful,2 people found this helpful.
maggies mom,1,One of the best skills so far! No problem linking account or using skill. Works beautifully and is very useful. Wondering when Alexa will have a skill for my primary bank (US Bank).,"on January 4, 2017",5.0 out of 5 stars,Capital One,1503582426.0706017,Easy setup and works great,2 people found this helpful.
Wendy,1,"I like being able to get my credit card balance on the go.  I also like the idea of being able to make a credit card payment, however, if you have already met your minimum amount due for the month and won't allow you to make an additional payment, even though there's still a balance, therefore you will have to use your app or log into your account online.  I would like to see this fixed to allow a payment to be made when there is a balance on the card, even if there is no minimum amount due.","on August 11, 2017",3.0 out of 5 stars,Capital One,1503582426.084639,Love the app...needs some work,One person found this helpful.
John,0,Neat idea.  Cool that allows you to create a passcode key and that it interacts well.  Works well.,"on June 1, 2016",5.0 out of 5 stars,Capital One,1503582431.252197,Good idea.,11 people found this helpful.
Zane Beima,0,"It's great standard mix of commands are useful. What is my balance, what is my available credit? It all works and stays active until you say, ""that is all"".","on June 4, 2016",4.0 out of 5 stars,Capital One,1503582431.264702,"If you use Capital One, this is useful.",10 people found this helpful.
Charu,0,Well done Capital One!! Proud of you!!,"on December 3, 2016",5.0 out of 5 stars,Capital One,1503582431.2772665,Well done !!,7 people found this helpful.
Meera,0,Works fast and smooth,"on December 5, 2016",5.0 out of 5 stars,Capital One,1503582431.28977,Awesome,4 people found this helpful.
Amazon Customer,1,"When I try to enable the skillset, it says i cannot pair my account till an issue with my account is cleared. It prompted me to login to capital one website. i logged in. no where in the website it say what the issue is and how to clear this. I have tried using the alex app on the phone and alexa.amazon.com. Completely unfriendly user experiences.","on July 12, 2017",1.0 out of 5 stars,Capital One,1503582431.3088193,Useless Application.,0
Kindle Customer,1,"Works well, but could really use some improvements. For starters, it would be nice to hear your most recent transactions when you ask for recent transactions. Instead, Alexa tells me the largest transactions in the past 30 days. What I really want to know is what went through yesterday! Also, would really like to see more support for bill pay and P2P payments, especially for accounts I already have set up. Overall, it's good for hearing your current balance though.","on December 28, 2016",3.0 out of 5 stars,Capital One,1503582431.330905,Pretty Good,7 people found this helpful.
Amazon Customer,1,It works great but i havent found a way to close a session. It just remains open so someone else could use it under my account.,"on April 5, 2017",3.0 out of 5 stars,Capital One,1503582431.3529375,End a session,3 people found this helpful.
Amazon Customer,1,"Seems like it could be good,  but 99% of the time it states it ""cannot access the capital one skill right now""","on December 7, 2016",2.0 out of 5 stars,Capital One,1503582431.3759983,What skill?,6 people found this helpful.
M. Pyyhkala,0,"This skill has many great features even in its first release. You can access many different accounts and perform a wide variety of transactions. Congratulations to Capital One  for embracing new technology! Many financial institutions take a far more conservative approach, and I am glad I am banking with capital one being on the edge. I also like subtle nuances like being able to turn off the extra pass code. I don't need that, and I am glad the capital one really thought this out.","on March 12, 2016",5.0 out of 5 stars,Capital One,1503582431.388551,Congratulations Capital One for Being a Financial Services Tech Leader Excellent 1.0 Release,11 people found this helpful.
Jeff S,1,Fast to retrieve but wont let you make a one time payment as I pay off my card frequently instead of waiting to the end. So its not only good for quick balance,"on October 26, 2016",3.0 out of 5 stars,Capital One,1503582431.4025974,Needs work but fast to retrieve,4 people found this helpful.
Amazon Customer,0,Just purchased my Alexa nd how easy to linked up my Capital One super quick nd easy.,"on December 18, 2016",4.0 out of 5 stars,Capital One,1503582436.664026,Quick n Easy,3 people found this helpful.
Amazon Customer,0,Just installed the app today and I'm having no trouble at all very accurate,"on December 13, 2016",4.0 out of 5 stars,Capital One,1503582436.6770606,works fine,3 people found this helpful.
G20t,1,Pretty darn cool.,"on March 11, 2016",5.0 out of 5 stars,Capital One,1503582436.6991193,Another useful feature for Echo,8 people found this helpful.
John M.,1,The Skills app tells me I need to clear something up with my account and to log in online to Capital One.Nothing wrong with the account; oh well.,"on July 19, 2017",1.0 out of 5 stars,Capital One,1503582436.7212062,Can't link,2 people found this helpful.
Nivek Yrrek,2,"I like this skill, and it seems to keep getting better all the time","on November 2, 2016",5.0 out of 5 stars,Capital One,1503582436.753263,I like this skill,6 people found this helpful.
Coyote Pants,0,Working fine for me with Capital One credit card.,"on June 20, 2017",5.0 out of 5 stars,Capital One,1503582436.7668283,Works fine,One person found this helpful.
Doug Coleman,0,Works well but can be long winded if you have several savings accounts,"on October 22, 2016",4.0 out of 5 stars,Capital One,1503582436.7793324,Works well,3 people found this helpful.
Gyongyver Peszeki,1,Impressive - love how this bank always pushes us forward!,"on October 10, 2016",5.0 out of 5 stars,Capital One,1503582436.8008897,Great - and only the beginning!,3 people found this helpful.
James H,2,Proxy ErrorThe proxy server received an invalid response from an upstream server.The proxy server could not handle the request GET /authorize.Reason: Error reading from remote server,"on July 15, 2017",1.0 out of 5 stars,Capital One,1503582436.827489,Proxy error on the CO website,0
Tunia,0,Worked flawlessly,"on October 2, 2016",5.0 out of 5 stars,Capital One,1503582436.8409977,Works well,3 people found this helpful.
L. Zapata,0,Amazing!!! Now I don't have to log in to check balances and payments on my computer or cellphone. I'm really happy üòä,"on August 5, 2016",5.0 out of 5 stars,Capital One,1503582442.0665653,Peace of mind,8 people found this helpful.
Madalyn Ainley,0,How useful!!! I've been waiting for skills like this to show up. Made my day. Thanks Capital One :),"on March 10, 2016",5.0 out of 5 stars,Capital One,1503582442.0795796,This is what I'm talkin bout!!,6 people found this helpful.
John Shaw,0,Great skill it I think that you need some extra security on who can ask the question.  Maybe use their voice as a security key or send a request to swiftID to approve,"on March 30, 2016",5.0 out of 5 stars,Capital One,1503582442.0936184,Good skill needs better security,5 people found this helpful.
specialmias,1,Major connection issues but it works as advertised otherwise with capital one 360.,"on December 8, 2016",3.0 out of 5 stars,Capital One,1503582442.1151745,"Works, simple, needs to specifically note accounts",2 people found this helpful.
Lee J Richmond,1,"I paired the account with Alexa; however, Alexa lights up with no voice as i ask her to open Capital One and then she grows dark. I paired and unpaired several times with the same result. Does anyone have any suggestions.,. Spotify opened without any issue.","on July 13, 2017",1.0 out of 5 stars,Capital One,1503582442.1342523,"I paired the account with Alexa; however, Alexa ...",0
rodney,1,One of my favorite skills. Easy and quick access to my account information.,"on January 16, 2017",5.0 out of 5 stars,Capital One,1503582442.1558113,Works perfect!!,4 people found this helpful.
Landon,1,Really conveinient. Would be nice if you could vary the exact verbiage you use when interacting with Capital One.,"on November 12, 2016",5.0 out of 5 stars,Capital One,1503582442.1783426,Great Add,7 people found this helpful.
Bill Arnold,1,Connected easily and use this one almost daily.,"on May 13, 2017",4.0 out of 5 stars,Capital One,1503582442.20043,One of my fav skills for echo,4 people found this helpful.
A. Mena,1,Doesn't work for me. Alexa says my account isn't linked but this skill says it is. Can't get it to work. Tried over 10 times. Very frustrating.,"on December 20, 2016",1.0 out of 5 stars,Capital One,1503582442.2224908,Doesn't work,4 people found this helpful.
Jeffrey Kennett,1,Works great on my Echo.But.I can't get the new Alexa in the Amazon app to open this skill. That doesn't seem very cool. Wherever Alexa is this should work.,"on March 17, 2017",4.0 out of 5 stars,Capital One,1503582442.2360237,Very Easy to Talk W,3 people found this helpful.
Voravech Nissaisorakarn,1,Works well with me,"on December 18, 2016",5.0 out of 5 stars,Capital One,1503582447.4692512,Great skill. Must have for Capital One customers,2 people found this helpful.
Rod Hammer,0,"Very nice application.  Once you get the information you need, then ask away!!","on October 22, 2016",5.0 out of 5 stars,Capital One,1503582447.4832883,Nice application. Hope more banks will join in,4 people found this helpful.
shift`,0,Great skill. Very convenient. Happy to be a customer of a bank that's constantly pushing out new technology.,"on May 12, 2016",5.0 out of 5 stars,Capital One,1503582447.4963224,Great Integration Experience with Alexa,7 people found this helpful.
grandmasterv,0,Works great! Good work on Capital One on separating themselves and having this Skill.,"on August 23, 2016",5.0 out of 5 stars,Capital One,1503582447.5093572,Works great!,4 people found this helpful.
Rafael Benevides,0,Congrats to Capital one,"on December 2, 2016",5.0 out of 5 stars,Capital One,1503582447.5228937,I loved it.,4 people found this helpful.
Amazon Customer,0,Simple to use and conv,"on December 2, 2016",5.0 out of 5 stars,Capital One,1503582447.535928,Awesome,4 people found this helpful.
Erick,0,Really great way to check up on my account and works flawlessly! Absolutely love it!!,"on March 11, 2016",5.0 out of 5 stars,Capital One,1503582447.5489628,Great skill!!,7 people found this helpful.
Ennvyy,1,"I just tried it out. She confirmed my pin and I had no issue getting my account info. She asks if there is anything else... Saying ""that's all""ended the  season. Seems like a handy skill. Haven't tried the pay Bill part yet but id rather do that myself.","on May 5, 2017",5.0 out of 5 stars,Capital One,1503582447.5715225,Easy to use,One person found this helpful.
Kels,1,I love this for quick checking accounts. It's so fast and so helpful for right before I buy something online! It awesome to just ask you account balance and immediately get and answer. So much better than having to look it up or stop what I'm doing to go into the app.,"on February 5, 2017",5.0 out of 5 stars,Capital One,1503582447.5940826,Love it for quick access to accounts,2 people found this helpful.
Ish1950,1,"I can't get even get started. It say unable to open windows, disable popup blocker. I have no popup blocker period, on off or otherwise . It would't work in Edge or Chrome. I installed Opera and it still didn't work I'll just wait for Google!","on December 21, 2016",1.0 out of 5 stars,Capital One,1503582447.607118,Alexa wasn't the problem,2 people found this helpful.
P. COOK,1,App Enabled and account linked.  Alexa provided account balances for all 3 of my accounts.,"on March 3, 2017",5.0 out of 5 stars,Capital One,1503582452.84181,Awesome,4 people found this helpful.
Duane Kahrs,1,"It doesn't work ! :-(  I enabled it but Alexa says I need to enable...I ask her to enable it she says it's already Enabled...""to use this Skill you can say Alexa, open my Capital One"" but when I do she says I need to enable it ! !","on January 7, 2017",1.0 out of 5 stars,Capital One,1503582452.864844,It doesn't work!: -( I enabled it but ...,2 people found this helpful.
Minnie,1,Super easy to use plus I love that I can access my account with just my voice. Nice job Capitol One!,"on October 14, 2016",5.0 out of 5 stars,Capital One,1503582452.8864288,Love it!,3 people found this helpful.
Blue,0,Love this!,"on July 16, 2016",5.0 out of 5 stars,Capital One,1503582452.8999598,Awesome,2 people found this helpful.
Juan Rivera,0,So far so good will get back on this when I make my first payment,"on January 9, 2017",4.0 out of 5 stars,Capital One,1503582452.912971,Good so far,One person found this helpful.
Mikester,0,It won't let you make a payment unless one is due so a one time payment any other time of the month is not possible. Lame!!,"on November 7, 2016",2.0 out of 5 stars,Capital One,1503582452.9265354,Needs improvement to really be useful,5 people found this helpful.
James West,1,SEEMS THE ONLY OPTION IS TO PAY THE FULL BALANCE OR THE MINIMUM PAYMENT.,"on September 18, 2016",3.0 out of 5 stars,Capital One,1503582452.9480927,PAYMENT ABILITY,3 people found this helpful.
Dan,0,"Fo far good., able to check Balance and see recent transactionsWhy can I not ask for the recent transaction by saving checking or saving or credit card? Why do require to tell the last 4 numbers of the account.","on May 28, 2016",4.0 out of 5 stars,Capital One,1503582452.9621017,"Very cool, could improve voice commands recent transactions",3 people found this helpful.
Jeff,0,Fast way to check balance and hear transactions.,"on February 5, 2017",5.0 out of 5 stars,Capital One,1503582452.9741619,"Easy, fast",One person found this helpful.
Frank Duenas Merfalen,0,Wow!!  I love this skill application!  üòÄüëç,"on July 15, 2016",5.0 out of 5 stars,Capital One,1503582452.987168,Quick & Easy,3 people found this helpful.
Michael Kelley,0,Amazing! I love this app!,"on July 2, 2016",5.0 out of 5 stars,Capital One,1503582458.2434745,Awesomeness!!!!,3 people found this helpful.
Special K,0,Works perfectly,"on March 11, 2016",5.0 out of 5 stars,Capital One,1503582458.2575116,Excellent,6 people found this helpful.
Amazon purchase,0,A Must have!!,"on July 15, 2016",5.0 out of 5 stars,Capital One,1503582458.2705464,AWESOME SAUCEüòÉ,3 people found this helpful.
Tony Davis,0,I have to heard all my balances. This would be annoying if I had 10 or more accounts.,"on February 1, 2017",4.0 out of 5 stars,Capital One,1503582458.2840824,Great,2 people found this helpful.
Kevin Smith,0,Worked great for me with an ING/Cap360 account. Haven't tried to pay a bill yet but excited to try.,"on July 1, 2016",5.0 out of 5 stars,Capital One,1503582458.2976182,Works as Advertised,7 people found this helpful.
J. Alves,1,"Says I have an error and I don't,  don't bother to try","on August 8, 2017",1.0 out of 5 stars,Capital One,1503582458.3171709,Can't link the account,0
RomeGoLARGE,0,So convenient! Information at my fingertips!,"on March 31, 2017",5.0 out of 5 stars,Capital One,1503582458.3302054,Absolutely love it!!,One person found this helpful.
that phone guy,0,It's great!,"on March 12, 2016",5.0 out of 5 stars,Capital One,1503582458.343741,Money money moooonieee,3 people found this helpful.
Andrew Berlin,0,Great app! So much easier than using my phone,"on December 22, 2016",5.0 out of 5 stars,Capital One,1503582458.357277,Convenient and Fast,2 people found this helpful.
Marion Muscare,0,That's all she ever says. I enabled and linked ok. Bye.,"on May 28, 2017",2.0 out of 5 stars,Capital One,1503582458.3688073,"Sorry, Having Trouble",0
absentee,1,This is fantastic.,"on December 29, 2016",5.0 out of 5 stars,Capital One,1503582463.5543482,Love it for our credit card account!,2 people found this helpful.
Andrew311,0,I love that I have access to my balances and activity quickly,"on December 15, 2016",5.0 out of 5 stars,Capital One,1503582463.5678582,Very cool!,4 people found this helpful.
steven,0,Works great!  Love it,"on February 20, 2017",5.0 out of 5 stars,Capital One,1503582463.58042,Awesome App,One person found this helpful.
Amy Mule,0,Glad to start seeing some really useful skills emerge! Great job Amazon and Capital One!,"on March 12, 2016",5.0 out of 5 stars,Capital One,1503582463.5944574,Great new skill for Alexa!,2 people found this helpful.
Terren Peterson,0,This is really useful.  It is helpful to be able to check my balance hands free.,"on April 2, 2016",5.0 out of 5 stars,Capital One,1503582463.606987,Helpful App,2 people found this helpful.
Brian J. Flynn Jr.,0,Love it!,"on December 29, 2016",5.0 out of 5 stars,Capital One,1503582463.6209996,Works Great!,2 people found this helpful.
Amazon Customer,0,Fantastic skill! Awesome to see a bank on the leading edge of tech,"on March 19, 2016",5.0 out of 5 stars,Capital One,1503582463.6345637,Great skill,2 people found this helpful.
The Sashman,0,I put in the correct login information.  It said it was wrong.  I had my password reset and tried it again.  Still won't work.,"on March 15, 2016",1.0 out of 5 stars,Capital One,1503582463.64757,Doesn't Work For Me.,4 people found this helpful.
Jim D. Combs,0,Love this one of the best Alexa skills. Hoping Chase does this.,"on March 12, 2016",5.0 out of 5 stars,Capital One,1503582463.6616085,Very useful.,2 people found this helpful.
cliff f.,1,It says skill enabled successfully but won't open until I finish and says wait until says successful Alexa says skill enabled but won't open until I finish linking which I did,"on February 22, 2017",1.0 out of 5 stars,Capital One,1503582463.6741655,Does not work,3 people found this helpful.
Amazon Customer,0,"Great skill, works perfectly for me.  Kudos Capital One.","on March 15, 2016",5.0 out of 5 stars,Capital One,1503582468.866608,Works great,2 people found this helpful.
Amazon Customer,0,"Capital One is on top of their game, I'm loving it","on April 4, 2016",5.0 out of 5 stars,Capital One,1503582468.8806448,Works like a charm,2 people found this helpful.
Amazon Customer,0,Works great!!! Other credit cards companies take note!!,"on March 11, 2016",5.0 out of 5 stars,Capital One,1503582468.8937087,Great stuff!!,2 people found this helpful.
Daisy,0,"I love Capital One!! Always at the forefront of everything, just like Amazon! Very useful and excuted well for such early stage technology. Can't wait to watch this evolve even more. Thanks to my two favorite companies!","on April 30, 2016",5.0 out of 5 stars,Capital One,1503582468.9067423,Awesome,3 people found this helpful.
Matt,0,Awesome!  Nice job Capital One!,"on August 26, 2016",5.0 out of 5 stars,Capital One,1503582468.919276,Simple and Secure - Great Skill!,4 people found this helpful.
M. Sullivan,0,I wish other banks would do this!,"on March 14, 2016",5.0 out of 5 stars,Capital One,1503582468.93181,Great!,2 people found this helpful.
Right Hand,0,One of the few useful skills that really works and is not to cumbersome to use. I hope other financial institutions jump on the bandwagon. Great skill,"on March 22, 2016",5.0 out of 5 stars,Capital One,1503582468.9443142,One of the few skills that's easy to use and works.,One person found this helpful.
Hetal Pandya,0,Awesome!,"on March 15, 2016",3.0 out of 5 stars,Capital One,1503582468.9573772,Great!,2 people found this helpful.
Amazon Customer,0,Cool new way to interact with my finances!!,"on March 11, 2016",5.0 out of 5 stars,Capital One,1503582468.9703834,Great new skill,4 people found this helpful.
K. Browning-mezel,0,So easy to make a payment. Love this!,"on December 29, 2016",5.0 out of 5 stars,Capital One,1503582468.9839199,Fast easy payments,One person found this helpful.
Amazon Customer,0,Great Skill! This is the most useful skill yet for Echo. Had the option to CHANGE the payment amount been available I woul given 5 stars.,"on March 24, 2016",4.0 out of 5 stars,Capital One,1503582474.2570512,Best Skill,3 people found this helpful.
Sibish,1,Keep saying the skill is locked even though I linked and relinked. Not able to use the skill.,"on June 29, 2017",1.0 out of 5 stars,Capital One,1503582474.2755985,Skill locked,0
Ron Reinholt,1,Acknowledges and asks for pass key then stops.,"on January 11, 2017",1.0 out of 5 stars,Capital One,1503582474.2971573,Doesn't work,3 people found this helpful.
Ed Blazejewski,0,This is a very cool skill!  Thanks Capital One!,"on July 17, 2016",4.0 out of 5 stars,Capital One,1503582474.3096886,One of the best skills,One person found this helpful.
Amazon Customer,1,"Excellent, just like Capital One!","on August 10, 2017",5.0 out of 5 stars,Capital One,1503582474.3297453,Excellent,0
Joshua Kegley,0,Awesome app! Love that it tells me all the balances.,"on October 19, 2016",5.0 out of 5 stars,Capital One,1503582474.3427818,Nice app.,3 people found this helpful.
Buyerzer0,0,Perfect! This is one of the most useful skills on echo to date!,"on March 14, 2016",5.0 out of 5 stars,Capital One,1503582474.356316,Perfect!,One person found this helpful.
Suhas,1,The best use of technology to innovate how people can interact with their Money. Changing banking for good seems like a reality to me when I see how CapitalOne is utilizing technology to innovate FinTech.,"on September 1, 2016",4.0 out of 5 stars,Capital One,1503582474.3783753,Changing banking for awesomeness,2 people found this helpful.
Crystal Dean,0,All she ever says is sorry having trouble accessing. It was linked fine. This skill is useless,"on June 9, 2017",1.0 out of 5 stars,Capital One,1503582474.3893754,"Sorry, having trouble.....",0
Larry P. Moreno,0,Hey this is pretty cool,"on July 2, 2016",5.0 out of 5 stars,Capital One,1503582474.4029398,Sweeeeet,3 people found this helpful.
scottlawrencelawson,0,Nice. Worked perfectly the first time!,"on April 19, 2016",5.0 out of 5 stars,Capital One,1503582479.618894,What's in YOUR Echo?,3 people found this helpful.
Scott Totman,0,Love it. Make it do more!,"on March 12, 2016",5.0 out of 5 stars,Capital One,1503582479.6324017,Good stuff,3 people found this helpful.
shally singh,0,"Echo,  continues to amaze me, learning new skills on a daily base is just perfect!!!Best Money spent ever on any electronics","on April 5, 2016",5.0 out of 5 stars,Capital One,1503582479.64546,Echo is perfect,2 people found this helpful.
Tracey McCormack,0,So cool!,"on March 11, 2016",5.0 out of 5 stars,Capital One,1503582479.6589725,So cool!,3 people found this helpful.
Ben Hageman,1,"Keeps asking, over & over for my pass code.","on January 12, 2017",1.0 out of 5 stars,Capital One,1503582479.6810308,Doesn't work,One person found this helpful.
Stephanie Fleming,0,This is the best. Thank you Amazon and Capital One for continuing to be my favorite companies.,"on April 2, 2016",5.0 out of 5 stars,Capital One,1503582479.694094,Well Done!,2 people found this helpful.
Joseph M.,1,Just keeps saying unable to process your request. Useless app.,"on April 17, 2017",1.0 out of 5 stars,Capital One,1503582479.7126434,Doesn't work,0
Amazon Customer,1,"Have just setup the skill, but for the last day all I get from Alexa is 'sorry, I'm having trouble, please try again in a little while'. Have deleted and reenabled skill countless times. Nothing...","on February 22, 2017",1.0 out of 5 stars,Capital One,1503582479.7342007,"Sorry, I'm having trouble...",5 people found this helpful.
Doug Toppin,0,Convenient and innovative use of the Echo. No complaints so far.,"on March 12, 2016",5.0 out of 5 stars,Capital One,1503582479.747235,Another example of innovation,2 people found this helpful.
Jack,0,Works great for my savings account but apparently doesn't support loans. Would be great to be able to pay my auto loan and get principal amount.,"on March 14, 2016",4.0 out of 5 stars,Capital One,1503582479.760743,Please Support Loans!,One person found this helpful.
B. Mathias,1,Says I need to allow pop up on Alexa but doesn't explain how,"on July 17, 2017",1.0 out of 5 stars,Capital One,1503582484.9668732,One Star,0
James Stuckey,1,It was doing what it was supposed to do until one day I asked it for my balance and it said I had to enable the skill and connect it again.,"on January 31, 2017",3.0 out of 5 stars,Capital One,1503582484.9859512,It disconnected from echo,0
wesley,0,Works for me,"on December 5, 2016",5.0 out of 5 stars,Capital One,1503582484.9989574,Does what it's suppose to.,3 people found this helpful.
Karen Moore,1,I have a credit card as well as a car loan but the car loan is in my husbands name as well so it will not allow me to open both my credit card and my car loan and it will not allow me to have more then one Capital one accounts on Alexa,"on January 21, 2017",2.0 out of 5 stars,Capital One,1503582485.0215397,Car loan,2 people found this helpful.
Sean Kalman,0,Awesome,"on August 25, 2016",5.0 out of 5 stars,Capital One,1503582485.035078,Awesome!,3 people found this helpful.
AGO,0,"I was unable to get my savings account balance, and/or my recent transactions on the creditcard.  Seems pretty useless to me.","on August 1, 2016",2.0 out of 5 stars,Capital One,1503582485.0496166,"Pretty por, doesn't do much, and gives errors frequently.",2 people found this helpful.
Holly Alexander,0,It doesn't work!!  I have reset this app a couple of times and it still won't process a credit card payment.,"on August 24, 2016",1.0 out of 5 stars,Capital One,1503582485.0631568,Not A Good App!,4 people found this helpful.
Van Payne,1,"Easy set up, simple commands, perfect execution!  5 Star all the way!","on September 2, 2016",5.0 out of 5 stars,Capital One,1503582485.0856879,5 Star all the way!,2 people found this helpful.
Ritzy,0,Works perfect.,"on August 12, 2016",5.0 out of 5 stars,Capital One,1503582485.0972188,Work perfect.,0
Kim Wilson,1,Just keep getting the message &quot;we're having trouble linking your account&quot;I thought I was entering the wrong password so I went on the CapitalOne site and actually changed my password. Still just get the same message. Very frustrating!,"on September 1, 2016",1.0 out of 5 stars,Capital One,1503582485.1107798,Can't link account,3 people found this helpful.
Amazon Customer,0,"All I keep hearing is &quot;I was unable to process your request at this time&quot; she's been saying this for weeks! When I first downloaded it, it worked fine. I don't know what's wrong now. Someone help me fix this...","on October 12, 2016",1.0 out of 5 stars,Capital One,1503582490.3116562,Won't work anymore,One person found this helpful.
Nancee Dole,1,"I have yet to have it do anything. It always tells me ""I'm sorry, I'm having trouble accessing this skill right now""","on December 9, 2016",1.0 out of 5 stars,Capital One,1503582490.333715,Doesn't work!,3 people found this helpful.
Mike M,1,What Piece of Crap. Keep getting an error message about an issue with my account. Capitalone confirms there are no issues on their end.Alexa is proving to be a waste of $$$Amazon sucks!!!,"on May 16, 2017",1.0 out of 5 stars,Capital One,1503582490.3537686,Sucks !!!,0
Brian Sweeney,1,it will not let me login and i have the correct information,"on January 17, 2017",1.0 out of 5 stars,Capital One,1503582490.3758273,wont let me login,One person found this helpful.
Tim,0,"Cool idea but fails to complete""thecrequestvtook too long...""","on July 30, 2016",1.0 out of 5 stars,Capital One,1503582490.3903654,Not ready for prime time,One person found this helpful.
Brooke Jones,2,Unable to link account. Using correct user and password. Please troubleshoot.,"on September 25, 2016",1.0 out of 5 stars,Capital One,1503582490.412424,Account Won't Link,4 people found this helpful.
Eric,1,I wish it was possible to gain access to both of my capital one credit cards through this feature.,"on January 20, 2017",3.0 out of 5 stars,Capital One,1503582490.4319766,I have more than one capital one credit card,0
Christina Sheleheda,1,"Another let down by Capital One! NOT ONE app works for me! I can't get my balance, pay my bill or anything. Getting a little bit sick of this. Ive reported it on every page/app and nothing gets fixed.","on December 15, 2016",1.0 out of 5 stars,Capital One,1503582490.454035,If I could give 0 I would,2 people found this helpful.
claudine mickey rogers,0,Why not another bank card like citizen are bank of. American think about it,"on March 22, 2016",3.0 out of 5 stars,Capital One,1503582490.4665682,Need more,One person found this helpful.
LYNDON BRADY,0,Won't link acvou,"on October 3, 2016",1.0 out of 5 stars,Capital One,1503582490.4796026,Not link,One person found this helpful.
michael shen,0,Will not work for users with old ing accounts. Capital One does not know how to fix their own problems,"on June 30, 2016",1.0 out of 5 stars,Capital One,1503582494.381404,Didn't work,2 people found this helpful.
Amazon Customer,0,Test,"on November 17, 2016",5.0 out of 5 stars,Capital One,1503582494.3954413,test,2 people found this helpful.
tgmail,0,Why would anyone offer Amazon this or any other level of access to their bank account?,"on October 10, 2016",1.0 out of 5 stars,Capital One,1503582494.4079745,For those who like to roll the dice,2 people found this helpful.
kevin l bradshaw,0,Dosent work,"on May 26, 2016",1.0 out of 5 stars,Capital One,1503582494.420508,Crap,One person found this helpful.
Melissa Murray,0,"Add more banks, i.e. Huntington, BBT,  Chase, etc.","on December 4, 2016",1.0 out of 5 stars,Capital One,1503582494.434044,Not everyone uses capital one,5 people found this helpful.
Joseph Greene,0,So far so good!,"on June 11, 2017",5.0 out of 5 stars,Bitcoin Exchange,1503582501.6007025,Five Stars,0
Michael Ritchie,0,"Works great, nice work.","on November 30, 2016",5.0 out of 5 stars,Bitcoin Exchange,1503582501.6137235,Easy and accurate,One person found this helpful.
Kara Chambers,0,"Love the content and Fools --it updates once per day so if you ask for updates freqently, you can go into &quot;settings&quot; in your Alexa app and reorder so that the more frequently updated apps (NPR, BBC, Weather) play first.","on September 3, 2016",5.0 out of 5 stars,Motley Fool Stock Watch,1503582513.0367446,Pro tip: you can reorder the flash briefing to avoid repeats,17 people found this helpful.
Taylor Muckerman,0,"Pithy, informative, approachable and witty. Things most finance portals forget about","on August 31, 2016",5.0 out of 5 stars,Motley Fool Stock Watch,1503582513.0497792,"Informative, 1-2 min market updates.",19 people found this helpful.
Jeremy,0,"I love the Fools and all their podcasts (seriously check them out) now I can get a nice little update in the morning while making breakfast!  Thanks, Fools and thanks Alexa","on September 1, 2016",5.0 out of 5 stars,Motley Fool Stock Watch,1503582513.063315,Morning market morsels make me money!,14 people found this helpful.
Steven L. Silver,0,I love this skill! I have tried all the others but this one is the easiest to use . Straight forward and to the point. Highly recommend!,"on March 18, 2017",5.0 out of 5 stars,Motley Fool Stock Watch,1503582513.0768516,My Go To For Stock Watching,6 people found this helpful.
Danielle,0,Volume is higher than other news skills. I have to run and turn it down each time it comes on . Because of this i have had to put it at the end of my news brief :/,"on June 17, 2017",4.0 out of 5 stars,Motley Fool Stock Watch,1503582513.0888834,Loud!!!! Needs auto adjust,0
Amazon Customer,0,A reliable resource for Stock watch and news. Highly recommended,"on December 6, 2016",5.0 out of 5 stars,Motley Fool Stock Watch,1503582513.101918,An excellent skill!,6 people found this helpful.
Jorma,0,"Flash Briefing as a title seems to indicate recent, happening news. When Tuesday's report is the same as Monday's, it is not very useful.","on October 7, 2016",3.0 out of 5 stars,Motley Fool Stock Watch,1503582513.115454,Dated material,20 people found this helpful.
Jazzy,0,Finally something that makes good sense.,"on June 4, 2017",5.0 out of 5 stars,Motley Fool Stock Watch,1503582513.1289897,Thank You,3 people found this helpful.
kevmeister,0,Enjoy getting these timely and interesting market updates while making coffee in the morning! Recommend. (No problem running in conjunction with NPR as noted elsewhere.),"on September 12, 2016",5.0 out of 5 stars,Motley Fool Stock Watch,1503582513.141523,Get yourself some daily Fool's wisdom!,8 people found this helpful.
Ralph E. Figueroa,0,"For now,  I am going to give this three stars.  I had to disable it because I was not able to use this in conjunction with NPR news flash. I suggest changing the command so that we can still get our news flash briefings from NPR.  When this is done,  I will re enable and re rate to five stars.","on September 2, 2016",3.0 out of 5 stars,Motley Fool Stock Watch,1503582513.154558,"You need to give it another name for calling it,  like Motley Flash",9 people found this helpful.
Tobin Anthony,0,Very quick take on a particular stock for the day. This briefing supplements the more expansive coverage on MarketFoolery and other Motley Fool podcasts,"on September 17, 2016",5.0 out of 5 stars,Motley Fool Stock Watch,1503582518.4076998,Short but useful take on relevant stocks for the day,10 people found this helpful.
ned lawrence,0,Can't enter all my stocks in watchlistIs there another way besides speaking,"on December 6, 2016",3.0 out of 5 stars,Motley Fool Stock Watch,1503582518.4207616,Can't enter my stocks verbally,10 people found this helpful.
Nano,0,Keep updated on the latest financial news,"on March 1, 2017",5.0 out of 5 stars,Motley Fool Stock Watch,1503582518.4347718,Great Daily Brief,2 people found this helpful.
John Belli,0,Always great to have more ways to access five-star Fool content!,"on September 1, 2016",5.0 out of 5 stars,Motley Fool Stock Watch,1503582518.448331,5-star Foolish content!,4 people found this helpful.
Laurie Young,0,My go to source for investing content!!,"on September 6, 2016",5.0 out of 5 stars,Motley Fool Stock Watch,1503582518.461363,Love the Fool,3 people found this helpful.
Liam,0,I asked the specific questions that the motley fool website and the skill page specifically say works. checking alexas history shows alexa understood what I said correctly but each time alexa was unable to get the info required. only the flash briefing worked.,"on February 18, 2017",1.0 out of 5 stars,Motley Fool Stock Watch,1503582518.473876,does not work. flash briefing works nothing else,3 people found this helpful.
Marcanze,0,As a rather new investor this has been extremely helpful in learning more about the market. It is super convenient to incorporate into your morning routine while listening to your news report through Alexandra.,"on November 29, 2016",5.0 out of 5 stars,Motley Fool Stock Watch,1503582518.488434,Want to make more money?,5 people found this helpful.
Steeler man,0,Never could get Valero on Watchlist.,"on January 11, 2017",1.0 out of 5 stars,Motley Fool Stock Watch,1503582518.498971,Garbage,0
Steve D,0,Why is the volume so low on this report?  I can barely hear it when it comes on.,"on January 31, 2017",3.0 out of 5 stars,Motley Fool Stock Watch,1503582518.509491,Hello?,0
Flash,0,I think his flash brefing. It gives a quick update on some stocks and earning reports,"on February 16, 2017",5.0 out of 5 stars,Motley Fool Stock Watch,1503582518.5220046,Good updates,One person found this helpful.
KTQAPrimeUK,0,Chennaidatesting t,"on October 25, 2016",5.0 out of 5 stars,Motley Fool Stock Watch,1503582521.3205495,Tesr,2 people found this helpful.
M83,0,Missing LTC,"on July 23, 2017",3.0 out of 5 stars,Coinbase Bitcoin/Ethereum Price,1503582530.2025535,Good but....,One person found this helpful.
J. Larson,0,"Now we just need Litecoin, and you have all of Coinbase's options!","on July 13, 2017",5.0 out of 5 stars,Coinbase Bitcoin/Ethereum Price,1503582530.2135606,Excllent,0
Shawn B,0,"I'd like to have shorter options along with the longer options.  When I ask a price I just want to hear the price , not what I can buy or sell it for.  That should be additional rewuests","on July 16, 2017",4.0 out of 5 stars,Coinbase Bitcoin/Ethereum Price,1503582530.2265959,"Great, but...",One person found this helpful.
Yami Productions,0,Really need to add LTC prices.,"on August 1, 2017",3.0 out of 5 stars,Coinbase Bitcoin/Ethereum Price,1503582530.2376246,No Litecoin?,0
Ray M.,0,Great App!  Please add Ethereum,"on June 15, 2017",5.0 out of 5 stars,Coinbase Bitcoin/Ethereum Price,1503582530.2511613,Ethereum,One person found this helpful.
Amazon Customer,0,Just Released new updates!Now supports Bitcoin and Ethereum!,"on July 1, 2017",5.0 out of 5 stars,Coinbase Bitcoin/Ethereum Price,1503582530.2631924,From developer:,0
axc8g,0,What a fun and effective tool!  Listening to this over and over again allows you to memorize all the facts on Why anyone should choose RE/MAX.  It's a no brainer!  If you haven't activated this skill yet you should!  Thanks Doug!!!,"on August 2, 2017",5.0 out of 5 stars,Why RE/MAX,1503582538.0701056,A must have for Brokers and recruiter's!,0
Amazon Customer,0,"Convenient and accurate information on the #1 brand in real estate in seconds. No searching, just ask ""Alexa"".","on August 3, 2017",5.0 out of 5 stars,Why RE/MAX,1503582538.0816114,RE/MAX brand information,0
Tamara Libbey,0,Great way to share company info.,"on July 19, 2017",5.0 out of 5 stars,Why RE/MAX,1503582538.0926628,Innovative branding,0
John Mangas (MetroToledoJohn),0,I saw this last week and had so much fun reposting it.,"on March 25, 2017",5.0 out of 5 stars,Why RE/MAX,1503582538.1061766,Five Stars,One person found this helpful.
msurtees,0,"This app will get you out of debt. Seriously.Having a quick answer to ""how much can I spend on dining out""  means quick info which means that it's much easier to stay on track.I had no idea this Alexa skill even existed until I was browsing. Best skill out there","on January 8, 2017",5.0 out of 5 stars,YNAB,1503582547.7201195,Indisp,9 people found this helpful.
Shawn,0,Connected to my budget very quickly and easily. Reads off balances in categories with no problem. Everything has worked as expected. Great work YNAB!,"on November 4, 2016",5.0 out of 5 stars,YNAB,1503582547.733629,Works as described.,8 people found this helpful.
Amazon Customer,0,"I love the fact that I can find the balance in any category immediately. My son uses it to find out how much is in his allowance category, which eliminates arguments.","on December 30, 2016",5.0 out of 5 stars,YNAB,1503582547.7471862,Very helpful,5 people found this helpful.
Nathan Sales,0,"This skill is very easy to use and largely does what you would expect out of a financial skill.I would give it five stars, but for the fact that it does have trouble recognizing a few account names.One recommended improvement would be the ability to enter a Payee when entering a transaction.","on June 11, 2017",4.0 out of 5 stars,YNAB,1503582547.760723,Great companion to YNAB,3 people found this helpful.
Mark Moellenhoff,0,Really nice way to get to my budget amounts when I'm in a hurry.,"on December 30, 2016",5.0 out of 5 stars,YNAB,1503582547.7737355,Wonderful!,4 people found this helpful.
Discerning Consumer,0,"First let me say I absolutely love YNAB, no exaggeration it changed our family's life (with Dave Ramsey). But we integrate Alexa into our home to make certain tasks easier. YNAB on Alexa does not make YNAB tasks easier, I end up spending more time fixing what I did via Alexa than if I had just waited to enter transactions on the PC. The inquiries seem to work well (what's my balance in such and such category) but entering transactions feels cludgy and does not save me time. I'm probably going to disable the skill, but will to continue use YNAB on the web and iOS. Now if I could get reports and search on iOS, I could die happy!","on June 2, 2017",3.0 out of 5 stars,YNAB,1503582547.785288,YNAB rules but with Alexa (meh),0
Alex S.,0,"The Alexa app works fine. You cannot choose payee, so you need to adjust from your phone or computer afterwards. It's slower to use than inputting on a screened device. They made Alexa talk or play stuff, too much. She has something to say after you end your session and any time you add something.","on June 1, 2017",3.0 out of 5 stars,YNAB,1503582547.7983222,"Is okay, but Alexa needs to stop talking.",One person found this helpful.
Terri Hogan,0,"Love this skill!  I can feel like I have a handle on my budget (including particular categories) any time.  Not sure how it works - but live the ""magic"" of YNAB and Alexa üòä","on June 1, 2017",5.0 out of 5 stars,YNAB,1503582547.8113573,Money magic!,3 people found this helpful.
Roylene Stinson,0,YNAB rocks!  and so does Alexa. It's handy to find out what your balances in your catagories are without having to get a device out or even having to touch one.  üòÅ,"on June 4, 2017",5.0 out of 5 stars,YNAB,1503582547.825403,Great!,3 people found this helpful.
S. Thimsen,0,"This will correctly retrieve my budget balances, but when trying to input new transactions, it won't recognize any of my account names.","on February 6, 2017",1.0 out of 5 stars,YNAB,1503582547.8384361,Account names not recognized,3 people found this helpful.
Trenton reader,0,Love this!! Talk about listening to and serving customers. I tell everyone about YNAB and this reinforces it even more.,"on November 17, 2016",5.0 out of 5 stars,YNAB,1503582553.0019646,Love this!!,5 people found this helpful.
Adam Porter,0,"This app works well, but it's on Alexa to improve her recognition. True, I have some uncommon names for my budget categories, and I know it will get better.","on June 1, 2017",4.0 out of 5 stars,YNAB,1503582553.0149996,Great App Despite Alexa's Capabilities,One person found this helpful.
Kevin Elms,0,Seems to work but having a lot of problems selecting an account. &quot;Cash&quot; didn't find at all. &quot;Cash box&quot; said it did not exist but it does.,"on November 4, 2016",2.0 out of 5 stars,YNAB,1503582553.027533,Problems with Account Names,5 people found this helpful.
Kindle Customer,0,Seems to work well for me.  I find though that I reach for my phone or hit the web app before I remember I can use the Echo.  Ynab though as a budgeting platform has changed my life with and without Alexa.,"on June 1, 2017",5.0 out of 5 stars,YNAB,1503582553.0405676,Works as expected,One person found this helpful.
Jordan David Barr,0,Works great!  Quick and easy way to check balances.,"on March 29, 2017",5.0 out of 5 stars,YNAB,1503582553.0541031,Works As Expected,2 people found this helpful.
gboruk,0,Love having access to my budget Via Alexa. Love YNAB! It has completely changed our lives.,"on December 30, 2016",5.0 out of 5 stars,YNAB,1503582553.0691435,Alexa + YNAB = ‚ô•Ô∏è,5 people found this helpful.
Nick,0,So cool! Works like a charm. Very happy to see they are trying new things and this is a great new spin on budgeting.,"on November 3, 2016",5.0 out of 5 stars,YNAB,1503582553.083181,Works like a charm!,8 people found this helpful.
Amazon Customer,0,Sometimes when I try to enter a purchase it can't find the account to put it in so I have to put it in a random one which is annoying. Other than that it's great.,"on June 1, 2017",3.0 out of 5 stars,YNAB,1503582553.0962157,Occasionally can't find account to put my purchase in,One person found this helpful.
Riley Peper,0,"Works surprisingly well! I do wish it were able to add Payee names, but I can see where that might be a struggle to program.","on July 14, 2017",5.0 out of 5 stars,YNAB,1503582553.1097517,Nice job!,One person found this helpful.
Jeffrey W.,0,"Followed the instructions and it worked fine.  I only tried a few thing, but it pulled the information up with no problems","on November 3, 2016",4.0 out of 5 stars,YNAB,1503582553.1222844,Work find for me,3 people found this helpful.
beckybarnes7814,0,Works great,"on November 17, 2016",5.0 out of 5 stars,YNAB,1503582558.3383734,This is awesome!,2 people found this helpful.
Joshua,0,"Fun, effective way to enter transactions or check balances in YNAB. Sign-offs are the best.","on February 19, 2017",5.0 out of 5 stars,YNAB,1503582558.3523817,Favorite Alexa Skill,2 people found this helpful.
David B.,0,Couldn't find the To be Budgeted category. What?Needs to be able to answer this question. What was the last deposit? Very basic and I'd guess pretty common question.,"on June 1, 2017",2.0 out of 5 stars,YNAB,1503582558.3664188,Waste of time,One person found this helpful.
Vivian Helms,0,"Now we just YNAB our transactions after we get home and we are throwing out or organizing receipts.. Just tell her to add any amount of a purchase to any transaction, or ask her for your grocery balance while making your grocery list! So convenient. Love YNAB","on January 16, 2017",5.0 out of 5 stars,YNAB,1503582558.379454,"Absolutely love YNAB, and this just made ten times better!",5 people found this helpful.
Dan,0,Doesn't seem to recognize anything I say.,"on February 12, 2017",1.0 out of 5 stars,YNAB,1503582558.3929896,Doesn't recognize category names,One person found this helpful.
Patricia L Leimer,0,"Great in concept....but.....Alexa can't seem to understand the names of many of my categories. I've tried renaming several times with the same effect. Were talking names such Clothing.Other reason for the 1-star....YNAB needs to spend more time on their web interface and updating their iOS app then playing around with Alexa. Not happy about the ""new"" YNAB...development is extremely slow and things such as basic filtering and having consistent transaction downloads for most of my financial institutes is sorely lacking. I'm actively looking for a replacement.","on June 1, 2017",1.0 out of 5 stars,YNAB,1503582558.404019,Great in concept,0
Michelle,0,"So great to be able to check balances and add receipts on the fly.YNAB team should brag about this more, it's my favorite Alexa skill.","on January 25, 2017",5.0 out of 5 stars,YNAB,1503582558.418558,Love it,3 people found this helpful.
ldt,0,"Yeah, now if you can do all the reports as in the old YNAB and add totals when selecting in an account as was possible in the old YNAB, you are GOLDEN!","on November 4, 2016",5.0 out of 5 stars,YNAB,1503582558.4325955,YEAHH!!,2 people found this helpful.
lillegend,0,Won't let me link account.  It says they are rolling out new features.,"on September 24, 2016",1.0 out of 5 stars,YNAB,1503582558.446131,Won't let me link account,4 people found this helpful.
AMANDA LAPIERRE,0,it wont let me link account either,"on October 20, 2016",1.0 out of 5 stars,YNAB,1503582558.4591656,doesnt link account,4 people found this helpful.
BrittanyAlexis,0,They want to charger an annual fee too be able to use the app. No thank you. I'll pass.,"on June 6, 2017",1.0 out of 5 stars,YNAB,1503582561.4464357,Annual fee,0
Amazon Customer,0,"Useless. Maybe I'm an idiot, but I can't figure out how to get it to work with the version of ynab that I own. I'm assuming it just works with the garbage version that you have to pay for every month.","on November 3, 2016",1.0 out of 5 stars,YNAB,1503582561.459972,Useless,8 people found this helpful.
Sherri Souza,0,Thank you Doug for making this happen for Women's Council of Realtors! We are over the moon with this new addition to our marketing toolbox about the best professional women's organization in real estate. Program your Alexa today with our new skill!,"on August 8, 2017",5.0 out of 5 stars,Women's Council,1503582571.1437707,Alexa knows about the Women's Council of Realtors!!!,One person found this helpful.
Amazon Customer,0,Great tool for Women's Council of REALTORS local networks. Great ready to wow potential members about why Women's Council is a great organization to get involved in.,"on August 4, 2017",5.0 out of 5 stars,Women's Council,1503582571.157808,Fabulous skill for Women's Council of REALTORS,One person found this helpful.
Zev Mo Green,0,It's super easy to get the exchange rate.,"on August 8, 2017",5.0 out of 5 stars,BOSS Money,1503582578.7971163,Cool!,0
Raymond N. Asti,0,Nice,"on June 19, 2016",5.0 out of 5 stars,Indicators,1503582588.7706802,nice app,0
David Conroy,0,Incredibly useful!,"on May 27, 2016",5.0 out of 5 stars,Indicators,1503582588.7817097,Thank you!,0
Sam Archer,0,"I love the idea of having a portfolio, but found that trying to add ""AMZN"" added ""Man Power Incorporated"", and I'm unable to remove stocks from my portfolio.  More concerning is that asking for a quote for ""Amazon"" returns a different price than is returned by my portfolio with Amazon in it.","on July 3, 2017",3.0 out of 5 stars,Stock Buddy,1503582596.2545831,"Great features, but a bit unreliable",3 people found this helpful.
Anthony W Carvalho,0,Gives responses on real-world company names. Doesn't seem to require the stock market abbreviation.,"on August 7, 2017",5.0 out of 5 stars,Stock Buddy,1503582596.2661133,Responsive,0
Justin Paskett,0,I badly want access to my account and the ability to create a portfolio,"on October 23, 2016",3.0 out of 5 stars,Fidelity Investments,1503582605.678692,User accounts please,17 people found this helpful.
Ithaca,0,"The skill ""Fidelity Investments"" useless for me because it is not real-time. However, if you don't care about this or any of the other issues mentioned below, here is how to use the Fidelity app. 1. Enable Fidelity Investments skill 2. Here are some samples from ""help"" (but remember, the answers are not real-time): Alexa, Ask Fidelity to get a quote for Amazon Alexa, Ask Fidelity to get me the market update Alexa, Ask Fidelity how is Amazon doing today 3. I found I could just say ""Alexa, ask Fidelity Apple"" and I would get a quote - again, not real-time.There are numerous other problems besides the real-time issue with the Fidelity Investments app, I will list them all now: 1. not real-time 2. no pre-market, no after-market quote 3. too chatty -- after a quote, the app asks me what else I want to do giving me options -- this is annoying 4. app sometimes does not understand me when I ask the app to Stop - I'd like an app that lets me ask the quote and be done with it, as Siri does. With this app, I actually have to tell Alexa to stop. 5. Spammy. After I do successfully (phew!) stop the app, I hear a ""Thank you for using Fidelity Investments"". This is really annoying. I already know it's Fidelity because I have to ""ask Fidelity"".","on March 22, 2016",1.0 out of 5 stars,Fidelity Investments,1503582605.6917295,"Not Siri, not real-time, too chatty, spammy",18 people found this helpful.
Deep in the Heart of Texas,0,Too wordy. All I want is how much the stock is up or down and what it is selling for. An example:AMAZON up 25 points to $625. That's all the info I want/need.Also you should have the ability to enter stock symbols from the app.,"on January 29, 2016",1.0 out of 5 stars,Fidelity Investments,1503582605.7052438,Nope,13 people found this helpful.
Joshua Garvey,0,"Need to be able to add a securities list to app, or let me have a watchlist","on July 28, 2016",3.0 out of 5 stars,Fidelity Investments,1503582605.7183,Needs features,10 people found this helpful.
Matt,0,"Works, but is too wordy. Make it more concise.","on May 23, 2016",3.0 out of 5 stars,Fidelity Investments,1503582605.730812,Just ok,7 people found this helpful.
ROBERT M MICALE,0,Just tried it and it is okay. Limited on the amount of quotes available. Like I could could not get quotes for Baidu or Zoe's Kitchen. Good if you only own the biggest stocks.,"on July 29, 2016",3.0 out of 5 stars,Fidelity Investments,1503582605.7438471,It's Okay.,5 people found this helpful.
Brent Threadgill,0,"Pretty useful for quotes.  Any plans to add functionality, like account balance, position or trading information?Thanks!","on August 22, 2016",3.0 out of 5 stars,Fidelity Investments,1503582605.7568822,Plans to add features?,9 people found this helpful.
Andrew,0,Says too much. I don't care about the date. I want the price and the change. I do not want to be prompted for more.,"on February 5, 2016",2.0 out of 5 stars,Fidelity Investments,1503582605.7704167,Too verbose,6 people found this helpful.
Ken,0,"Terrible. I gave it the names of about 10 popular stocks such as IBM, Procter & Gamble, McDonald's etc. it understood about two of them out of the 10.  A stock qoute service on Amazon echo would be great to have, but this needs a lot of work.","on January 1, 2016",1.0 out of 5 stars,Fidelity Investments,1503582605.7834518,Needs work.,5 people found this helpful.
Hikermanxxl,0,Can only find a quote about 50% of the time.,"on August 1, 2016",1.0 out of 5 stars,Fidelity Investments,1503582605.7974896,Very very poor.,5 people found this helpful.
J. Andrus,0,Very useful use case for getting a list of stock quotes.  It will be interesting to see if/how Amazon will enable a customized user relationship with Fidelity skill.,"on October 4, 2016",4.0 out of 5 stars,Fidelity Investments,1503582611.1182475,Solid Start,4 people found this helpful.
TL,0,"This skill is a bit too chatty. I'd like it to be more to the point. Instead of saying ""On December 21st at 4pm PST which was the last time this quote was updated, the price was $84"", it should just say ""$84"".","on January 1, 2016",3.0 out of 5 stars,Fidelity Investments,1503582611.1317844,A bit too chatty,7 people found this helpful.
Bill Smith,0,Terrible. It did understand any of several stock tickets I tried.,"on January 4, 2016",1.0 out of 5 stars,Fidelity Investments,1503582611.1453197,Don't waste your time,3 people found this helpful.
Idaho Native Nate,0,Nice ... when you can get it to work.,"on July 20, 2017",2.0 out of 5 stars,Fidelity Investments,1503582611.1568508,Has trouble recognizing company names.  Micron for instance.,0
Jeff Spears,0,"I like the concept, but I'm hoping for an update so I can get a market flash update or at least ask about the S&P 500 performance and get a response. Also, would be good to get my portfolio status for the day should I ask.","on December 31, 2015",4.0 out of 5 stars,Fidelity Investments,1503582611.1698856,Untapped potential,4 people found this helpful.
Pickleball,0,Doesn't recognize or can't find basic stocks. Probably not an issue with fidelity... but more so with alexa not understanding.,"on February 5, 2017",1.0 out of 5 stars,Fidelity Investments,1503582611.1829197,Not good at all.,One person found this helpful.
Kevin E.,0,"Am able to ask about the NASDAQ, but not the DOW or S&P.  Limits my use for this skill...","on January 8, 2016",2.0 out of 5 stars,Fidelity Investments,1503582611.1964562,Partially helpful...  Not inclusive enough,2 people found this helpful.
David,0,Way too chatty - make it less chatty and I will use again.,"on April 20, 2016",1.0 out of 5 stars,Fidelity Investments,1503582611.2099917,Way too chatty,5 people found this helpful.
Michael C.,0,Useful for the market basics,"on July 10, 2017",5.0 out of 5 stars,Fidelity Investments,1503582611.2230268,Much improved!,One person found this helpful.
Jackson H,0,"I have to say, this skill has a lot of potential. However, It can never seem to recognize what I'm trying to say. Keep up the work and it could be a huge hit.","on March 1, 2016",2.0 out of 5 stars,Fidelity Investments,1503582611.236061,"Great potential, needs work.",2 people found this helpful.
Amazon Customer,0,Takes too long to get an answer. It also doesnt catch a lot of the stocks that I try,"on December 5, 2016",1.0 out of 5 stars,Fidelity Investments,1503582616.4033027,Takes too long.,One person found this helpful.
Ramon de Vera Jr.,0,I.e. Micron or Micron Technology,"on March 30, 2017",2.0 out of 5 stars,Fidelity Investments,1503582616.416337,Doesn't recognize some of the stocks?,One person found this helpful.
RequiredPublicName,0,Easy to use,"on July 1, 2017",5.0 out of 5 stars,Fidelity Investments,1503582616.4273665,Fantastic,0
JimC,0,Works good for me.,"on August 15, 2017",5.0 out of 5 stars,Fidelity Investments,1503582616.4383955,Good,0
Steve  Godofsky,0,Best of it's type so far,"on June 5, 2016",4.0 out of 5 stars,Fidelity Investments,1503582616.450929,Not bad,4 people found this helpful.
Jeff Erz,0,"Should give you a portfolio summary (including movers, YTD return).  Too verbose for the limited info it provides...","on May 22, 2016",2.0 out of 5 stars,Fidelity Investments,1503582616.4639635,Meh.,6 people found this helpful.
Chi,0,Needs the ability to provide general market updates and indicies performance.,"on January 5, 2016",2.0 out of 5 stars,Fidelity Investments,1503582616.4769986,Meh,One person found this helpful.
Chaz L,0,"Too ""price"" focused.Market Update should give percent changes, total return YTD, MTD for instanceSame for stocks: do the math and report returns and yield","on June 30, 2016",1.0 out of 5 stars,Fidelity Investments,1503582616.490033,Needs to be more concise and return focused.,5 people found this helpful.
Avadhani,0,Ask phrase is too long. The prompt for another quote is misleading.,"on September 19, 2016",3.0 out of 5 stars,Fidelity Investments,1503582616.5030677,Decent,4 people found this helpful.
Min,0,Market flash update would be great instead of quote by quote but it understands most of the quotes names I gave.,"on January 7, 2016",3.0 out of 5 stars,Fidelity Investments,1503582616.515601,Market flash update needed,One person found this helpful.
Michael Hernandez,0,Talks to much and doesn't understand everything. Needs to be able to understand ticker symbols vs saying the fund name.,"on April 7, 2016",2.0 out of 5 stars,Fidelity Investments,1503582621.7169642,Falls short,3 people found this helpful.
J. Bevan,0,"This is one area where Siri is superior. Siri has had this capability since inception on IOS. ""Siri how's the market doing today?"" Brings an interview intelligent response as does a request for individual tickets.","on February 12, 2016",1.0 out of 5 stars,Fidelity Investments,1503582621.7305005,High Priority for reprogramming,2 people found this helpful.
Amazon Customer,0,Add alerts,"on July 27, 2016",3.0 out of 5 stars,Fidelity Investments,1503582621.7430334,Alerts,3 people found this helpful.
Jeffrey Portouw,0,"This is pretty much exactly what I wanted in a stock quoting skill. You just say the name of the company, and get a bunch of relevant info.","on April 22, 2016",5.0 out of 5 stars,Fidelity Investments,1503582621.7560685,This is the best of the stock-based skills currently offered.,2 people found this helpful.
Eric,0,This skill is fine. No integration with your fidelity account and for some reason it reads the entire timestamp to you when it tells you a stock price.,"on February 26, 2017",3.0 out of 5 stars,Fidelity Investments,1503582621.7691028,Needs refinement,2 people found this helpful.
Steve972,0,Worked great for me. Asked about different stocks and Dow Jones. Got the answers right away.,"on December 29, 2016",5.0 out of 5 stars,Fidelity Investments,1503582621.7821374,Best skill of it kind.,One person found this helpful.
Amazon Customer,0,Needs work on voice recognition.u,"on January 1, 2016",2.0 out of 5 stars,Fidelity Investments,1503582621.7951722,Doesn't Recognize Stock Symbols,2 people found this helpful.
slz,0,Works pretty well for most stock names and stock symbols.  It recognized ones that several other stock skills could not.,"on August 10, 2016",4.0 out of 5 stars,Fidelity Investments,1503582621.8082075,Works very well!,3 people found this helpful.
Amanda Hogan,0,"It's mostly inaccurate, and takes forever to just give me a price.","on December 4, 2016",1.0 out of 5 stars,Fidelity Investments,1503582621.8212414,Too wordy,One person found this helpful.
Tim Graciano,0,Can't even get it to work.,"on July 30, 2016",1.0 out of 5 stars,Fidelity Investments,1503582621.8342764,Bad,2 people found this helpful.
Everlong Gone,0,"Wish I could just say ""Alexa how did the ____ Stock do today?"" and have it give me an answer. Why must I say ""ask Fidelity""?  This is a not intuitive and I don't like the blatantly commercialized aspect of it. it's supposed to be a utility to easily access information. Not an infomercial.","on January 9, 2017",2.0 out of 5 stars,Fidelity Investments,1503582624.8838875,Stock Quotes Need to be Simpler,4 people found this helpful.
"Sam in Acton, MA",0,"Doesn't understand a damn thing. Asked for a quote for Google and got a quote for ""Alphabet, Inc""  -- not just once, but 3 times. It gives quotes for the wrong stock almost every time.","on January 24, 2016",1.0 out of 5 stars,Fidelity Investments,1503582624.8969219,Terrible,2 people found this helpful.
Catfish,0,"So far at least I can get stock quotes on this Skill, unlike other Skills I have tried for this. Alexa does not seem to understand the ""&"" when spoken such as ""S & P 500 price"". But all in all, the best stock Skill so far to me.","on November 12, 2016",4.0 out of 5 stars,Bloomberg,1503582636.9770927,Better than other stock market skills I've tried so far.,4 people found this helpful.
s@mw1se,0,Love getting my market minute from Bloomberg. Also does a great job of looking up specific stocks. Great skill from one of my long time favorite financial news providers.,"on October 13, 2016",5.0 out of 5 stars,Bloomberg,1503582636.9901266,Great skill from one of my long time favorite financial news providers.,6 people found this helpful.
D. Laster,0,Finally a way to get stock prices and market information. I wish it would be a default skill to use Bloomberg instead of having to call it by name.,"on October 17, 2016",5.0 out of 5 stars,Bloomberg,1503582637.0036635,Stock Prices!!!,6 people found this helpful.
M. Redmond,0,"Ask for the Dow Jones Average, but the request was not recognized.","on November 11, 2016",1.0 out of 5 stars,Bloomberg,1503582637.016698,Can't find the Dow Jones Average,4 people found this helpful.
O. Brunette,0,Works very well. Gives complete details and a variety of calling methods. It had difficulty distinguishing my pronanciation of the letter E in ticker symbols. To leave the application simply say &quot;Exit&quot;.,"on November 6, 2016",5.0 out of 5 stars,Bloomberg,1503582637.029732,Great functionality.,4 people found this helpful.
Sanjay,0,Would be nice if I could play Bloomberg radio station using this skill,"on April 30, 2017",3.0 out of 5 stars,Bloomberg,1503582637.0412633,Nice if it played Bloomberg radio,0
Billie B. Brown,0,I am only giving it 4 stars because it does not include the current energy and commodity prices.  I was especiallt looking for Crude Oil and Natural Gas prices.,"on November 16, 2016",4.0 out of 5 stars,Bloomberg,1503582637.0547986,No info on Crude Oil Prices,5 people found this helpful.
Melissa Rowe,0,I am constantly being told that this App is down until further notice. This started a few weeks ago but no resolution yet.,"on June 22, 2017",1.0 out of 5 stars,Bloomberg,1503582637.06633,I am constantly being told that this App is down ...,0
P,0,"It didn't recognized s&amp;p, spx, s&amp;p 500...","on March 11, 2017",1.0 out of 5 stars,Bloomberg,1503582637.0793638,It doesn't know what the s&amp;p is,One person found this helpful.
Tomcat,1,"Why would market indecies and stock prices be reported as a percent up or down?  No relevance.  Why doesn't it report points up or down, the way most people want the information?  DOW up 50 is so much more meaningful than up 0.02%, same for individual stocks.","on December 14, 2016",2.0 out of 5 stars,Bloomberg,1503582637.0918975,Hard to process info,12 people found this helpful.
J Man,0,Says its unavailable until further notice,"on June 19, 2017",1.0 out of 5 stars,Bloomberg,1503582641.9528296,Offline,0
Sumo,0,agreed if it could read out my watchlist 5/5!,"on January 1, 2017",3.0 out of 5 stars,Bloomberg,1503582641.965363,needs to be able to read out watchlist,2 people found this helpful.
Msh200,0,a solid app to catch up on business news / mkt data,"on January 6, 2017",5.0 out of 5 stars,Bloomberg,1503582641.9763925,Great app,0
Walter T.,0,This app finds most of the stocks and etfs.  However it would be really useful if it can quote my watch lists (individual and total net values ) in Bloomberg.,"on November 19, 2016",3.0 out of 5 stars,Bloomberg,1503582641.989427,Finds most stocks and etfs,One person found this helpful.
Stephanie C.,0,Would like to be able to log into my account to have My device watch list  read out loud in flash briefings,"on December 20, 2016",3.0 out of 5 stars,Bloomberg,1503582642.0019605,I'd like to access my symbols WatchList,One person found this helpful.
Christine Russell,0,App does not end and repeates what else can I help you w,"on November 2, 2016",2.0 out of 5 stars,Bloomberg,1503582642.0154965,Okay needs w,3 people found this helpful.
Danielle Rosenbaum,0,"When asked for stock prices, Alexa's response stops after saying,&quot;the latest price&quot;.","on October 21, 2016",2.0 out of 5 stars,Bloomberg,1503582642.02803,Seems to have a glitch with providing stock prices.,0
Peter Lee,0,Doesn't recognize anything asked! Such as ask. Bloomberg how is the market doing today.,"on October 30, 2016",1.0 out of 5 stars,Bloomberg,1503582642.039059,Not recognizing questions asked,0
Jerry Schoener,0,"Can't find T, ATT, AT&amp;T, AT&amp;T Inc or AT&amp;T Incorporated","on October 18, 2016",1.0 out of 5 stars,Bloomberg,1503582642.049587,Failure to recognize stock symbol or company name,0
Mary Campagnolo,0,This app is accurate on pricing per ounce but does not give price per gram,"on May 13, 2017",4.0 out of 5 stars,Bullion Today,1503582650.0478628,No pricing per gram,0
carlton skipper,0,Gr8 if you are into silver or gold,"on January 11, 2017",5.0 out of 5 stars,Bullion Today,1503582650.0613983,Gr8,2 people found this helpful.
s@mw1se,0,"Exciting to see insurance companies building skills for Alexa. I don't have a need to find an agent at the time, but the terminology definitions are helpful. Would love to see this do more in the future.","on September 15, 2016",5.0 out of 5 stars,Insurance Advisor,1503582662.7442114,"Neat insurance skill, pretty basic, but does what it's supposed to.",10 people found this helpful.
katy,0,Great skill to answer basic insurance questions or find an agent.,"on January 2, 2017",5.0 out of 5 stars,Insurance Advisor,1503582662.7567444,Great skill to help people better understand insurance,2 people found this helpful.
Brandon J.,0,"I am happy to use this skill and to be able to offer it to all ERA customers as the first and only voice real estate search available in our area to view current listing for sale in Northwest Florida. It is working on Alexa's Echo Dot, Tap and Show systems with the screen display. I love this feature. Having results sent to your phone makes it a complete package. I look forward to helping promote the next generation of real estate search. Don't click it, say it.","on July 28, 2017",5.0 out of 5 stars,Help Me Buy My New Home,1503582675.5899425,Thank you David,0
Boyd Livingston,0,"This is a great app to keep up to date with all the information you need in the Real Estate market. Whether your a Coldwell Banker agent or an agent from another company, even an individual looking for insight in the Real Estate market, this is for you. Thanks Coldwell Banker for leading the industry yet again!","on August 1, 2017",5.0 out of 5 stars,Coldwell Banker Gen Blue News,1503582688.7585206,Thanks!!,0
Brad Pearson,0,Coldwell Banker leading with technology as always!  I love this new skill and will use it often!,"on June 11, 2017",5.0 out of 5 stars,Coldwell Banker Home of the Week,1503582697.9751458,What a great idea Coldwell Banker!,4 people found this helpful.
Big Bird's Family,0,"I love Alexa, I love Coldwell Banker, great combo!","on June 12, 2017",5.0 out of 5 stars,Coldwell Banker Home of the Week,1503582697.9891827,"Love, love, love!",2 people found this helpful.
Hollyween,0,Love this skill for Alexa. Coldwell Banker leading the way again! I will visit this skill regularly.,"on June 12, 2017",5.0 out of 5 stars,Coldwell Banker Home of the Week,1503582698.0022187,Coldwell Banker Best Brand in Real Estate,One person found this helpful.
Ryan Fulcer,0,Awesome skill,"on August 1, 2017",5.0 out of 5 stars,Coldwell Banker Home of the Week,1503582698.013866,The best!!,0
Cindy S.,0,Love Gen Blue News!!,"on July 30, 2017",5.0 out of 5 stars,Coldwell Banker Home of the Week,1503582698.0258985,Awesome!!,0
Alex Brown,0,Love the home of the week,"on June 12, 2017",5.0 out of 5 stars,Coldwell Banker Home of the Week,1503582698.038932,It's legit,One person found this helpful.
Lev S.,0,Love it!,"on June 17, 2017",5.0 out of 5 stars,Coldwell Banker Home of the Week,1503582698.049962,Love it!,0
Matt,0,AMD is in S&amp;P 500 but unable to find. On paper the concept behind this app is genius.... but it doesn't seem to work.,"on March 14, 2017",2.0 out of 5 stars,StockTrigger,1503582708.2575932,Doesnt seem up to date.,3 people found this helpful.
Amazon Customer,0,"Looking for simple quotes and updates, stock trigger has worked for me. If you are just starting to use it, be prepared to rate it after using it 2 or 3 times.","on January 23, 2017",4.0 out of 5 stars,StockTrigger,1503582708.2706285,Great app! Delivers what I need.,4 people found this helpful.
66motorsport,0,Does not cover enough different companies to be relevant.,"on July 23, 2017",2.0 out of 5 stars,StockTrigger,1503582708.280655,Not good enough yet,0
Sergey,0,Best app to keep an eye on your favorite stocks!,"on January 21, 2017",5.0 out of 5 stars,StockTrigger,1503582708.2936902,Five Stars,4 people found this helpful.
Cory Ercanbrack,0,Works well to have your favorites quoted to you.  Still playing with it and lea,"on December 25, 2016",5.0 out of 5 stars,StockTrigger,1503582708.3072555,Fun for quotes,3 people found this helpful.
busy,0,Five stars from the start.,"on December 30, 2016",5.0 out of 5 stars,StockTrigger,1503582708.3197918,best stock app on echo,3 people found this helpful.
RMD,0,Not as clunky as most other financial skills,"on January 21, 2017",5.0 out of 5 stars,StockTrigger,1503582708.331855,Very Cool and well thought out,2 people found this helpful.
RafAnna,0,This skill is helpful and useful! Thank you! It works well for us. We give five stars to this app.,"on May 9, 2017",5.0 out of 5 stars,StockTrigger,1503582708.3438842,Useful skill,One person found this helpful.
Brad Vogel,0,"Won't support common high volume ETFs such as SPY, DIA, GLD, IWM.  SHOULD also be able to use AP to type in your favorites instead of just voice.","on February 16, 2017",1.0 out of 5 stars,StockTrigger,1503582708.3579223,Doesn't support ETFs,2 people found this helpful.
Amazon Customer,0,like the compare stocks feature and the stock price notifications,"on July 21, 2017",5.0 out of 5 stars,StockTrigger,1503582708.3679478,Five Stars,0
Caleb,0,This skill is fun and so helpful!,"on December 10, 2016",5.0 out of 5 stars,StockTrigger,1503582712.3454447,Great skill,4 people found this helpful.
AKEagle,0,Great APP - How can we customize this?Can't wait until you allow a query for volume change.,"on January 7, 2017",5.0 out of 5 stars,StockTrigger,1503582712.3594823,Five Stars,4 people found this helpful.
Doing the Damned Thang,0,"She said that she was a Nova still and needed to check with her master before she could find me the answer to which stock I was looking for, bummer","on March 13, 2017",2.0 out of 5 stars,StockTrigger,1503582712.3725166,Didn't recognize my stock,2 people found this helpful.
orgdel,0,Great App.,"on January 19, 2017",5.0 out of 5 stars,StockTrigger,1503582712.3855522,Great App,One person found this helpful.
Amazon Customer,0,Garbage,"on March 30, 2017",1.0 out of 5 stars,StockTrigger,1503582712.3985863,Difficult,One person found this helpful.
Joseph Lombardi,0,"This app is great, it's very simple to understand your whole crypto portfolio snapshot at once.There is one little, but VERY annoying bug.  If you don't enter ALL the addresses you want the first time, you cannot do it again.","on June 13, 2017",5.0 out of 5 stars,My Crypto Wallet,1503582722.8438773,Best App for the Crypto Enthusiast,0
Tim,0,Does what it says and seems to be one of the fastest skills.  Well done.,"on February 3, 2017",5.0 out of 5 stars,My Crypto Wallet,1503582722.856912,Fast and accurate,One person found this helpful.
Good,0,Terrible doesn't work at all for me.,"on November 25, 2016",1.0 out of 5 stars,Azimo,1503582729.7295983,Needs update!,0
Ken L,0,I could not bring up in listings in an area that has many homes for sale.,"on December 1, 2016",1.0 out of 5 stars,My Realtor,1503582738.589811,Usele,4 people found this helpful.
Morgan,0,Not working at all,"on December 6, 2016",1.0 out of 5 stars,My Realtor,1503582738.6028733,No use,3 people found this helpful.
DJ latino,0,No listings!,"on November 26, 2016",1.0 out of 5 stars,My Realtor,1503582738.6158807,Not listings in this app,4 people found this helpful.
Amazon Customer,0,Easy to locate properties for sale in my area just by asking alexa.  :-),"on November 30, 2016",5.0 out of 5 stars,My Realtor,1503582738.6279123,Very easy to use.  Totally addicting :-),0
JENNIFER GOTTLIEB,0,Love it,"on November 28, 2016",5.0 out of 5 stars,My Realtor,1503582738.6409492,Love this skill,One person found this helpful.
cindy manzolillo,0,Love the app,"on November 30, 2016",5.0 out of 5 stars,My Realtor,1503582738.653037,Love it,One person found this helpful.
John Shaw,0,Great skill!  I love the insights each day.,"on August 23, 2017",5.0 out of 5 stars,On The Dot Woman Flash Briefing,1503582746.1586173,Great skill! I love the insights each day,0
IRENE J.,0,Fox News & Fox Biz keep it real. Can't watch FAKE NEWS with NWO propaganda on CNN and MSNBC and their ilk.,"on March 28, 2017",5.0 out of 5 stars,Fox Business,1503582763.880716,Finally REAL News!,7 people found this helpful.
Dr. Robert A. Toomey,0,Great source for true news on a daily basis. I'm glad it's available on Alexa.,"on March 26, 2017",5.0 out of 5 stars,Fox Business,1503582763.8937507,The only true news source available,7 people found this helpful.
Amazon Customer,0,Way better than MSNBC,"on March 23, 2017",5.0 out of 5 stars,Fox Business,1503582763.9067852,awesome,7 people found this helpful.
Steve W.,0,FOX Lover...,"on July 29, 2017",4.0 out of 5 stars,Fox Business,1503582763.9198203,FOX,One person found this helpful.
Amazon Customer,0,Great Skill addition!,"on March 28, 2017",5.0 out of 5 stars,Fox Business,1503582763.932855,Great Skill,5 people found this helpful.
Amazon Customer,0,Great way to start your day.,"on March 19, 2017",5.0 out of 5 stars,Fox Business,1503582763.944887,Fox News Fast,8 people found this helpful.
Yoshodeep Dasgupta,0,Waste of time,"on March 25, 2017",1.0 out of 5 stars,Fox Business,1503582763.9579225,Fake news,One person found this helpful.
Krinehart,0,Faux news.,"on March 20, 2017",1.0 out of 5 stars,Fox Business,1503582763.971459,Fake News,One person found this helpful.
Miky,0,Great way to find services in the Capital Region of Upstate NY,"on August 6, 2017",5.0 out of 5 stars,Tech Valley Concierge,1503582774.0567927,An amazing  service,0
John Wheeler,0,"just say, open bitcoin price and you get the price. Other apps give you the ask/spread, but I don't want to hear all that. I just want the bitcoin price. This app does that and has the easiest name to remember","on July 22, 2017",5.0 out of 5 stars,Bitcoin price,1503582783.3969624,Simple and to the point.,0
Amazon Customer,0,"Didn't have any trouble using it. Though I wish there were more things I could ask, like from which country did I get more page views. That would be a real good value add.","on June 18, 2017",5.0 out of 5 stars,Unofficial Google Analytics,1503582790.3064854,Loved it!,0
Vanessa Wang,0,Great skill!,"on July 31, 2017",5.0 out of 5 stars,Bitcoin Reporter,1503582797.5845141,Five Stars,0
Rusty,0,If you don't actually trade stocks and don't know symbols then don't waste your time downloading this and don't give bad ratings.,"on June 15, 2017",5.0 out of 5 stars,Stock Market Sensei,1503582811.988706,Who actually trades stocks and doesn't know symbols?,0
Cindy Gee,0,She gave us just what we needed. How the naysayers above do not even expect to need the name of the stock they are requesting is pretty surprising! This Echo response was amazing!,"on October 29, 2016",5.0 out of 5 stars,Stock Market Sensei,1503582812.0017638,Stock Request was PERFECT,One person found this helpful.
FM Eagle Eye,0,Does NOT work with single character stock symbols like T.,"on April 15, 2016",1.0 out of 5 stars,Stock Market Sensei,1503582812.0152884,Single character stock symbols do not work!,2 people found this helpful.
Brendan J. W.,0,"Wow. The amount of information given is very good. I say Alexa ""ask Stock Market Sensei where will AAPL be today"", or ""ask Stock Market Sensei what about AMZN today"" and get a very detailed prediction or breakdown of that stock.  Current, prediction of opening higher, expected high price/low price, chance of closing higher. Great for before the market opens and I it gives me a % chance of the stock finishing up or a prediction of how it thinks the stock will do. I will compare it's predictions to end of day results and see how they compare.","on April 11, 2016",5.0 out of 5 stars,Stock Market Sensei,1503582812.028448,Best stock app I've found yet!,5 people found this helpful.
Jamal Rambo,0,Worked perfectly at first but now when I ask for AMZN it only pulls ZN even when the utterance shows AMZN,"on November 23, 2016",2.0 out of 5 stars,Stock Market Sensei,1503582812.0394545,Please fix,0
Nick,0,"The concept is promising, but requiring the speaking of ticker symbols isn't very voice-friendly","on May 16, 2016",1.0 out of 5 stars,Stock Market Sensei,1503582812.0515156,Not voice-friendly,One person found this helpful.
"Mark Gabel, PHD",0,"I agree, why symbols?  Hard to remember and that renders this skill useless in my opinion.","on October 26, 2016",1.0 out of 5 stars,Stock Market Sensei,1503582812.062548,Why make life difficult?,0
D. Womack,0,Horrible voice recognition.  Seems limited to AMZN and JNJ.  Disabled.,"on June 26, 2016",1.0 out of 5 stars,Stock Market Sensei,1503582812.073576,Was hoping for more.  Disappointed!,0
dman,0,Why do i have to use symbols....it doesnt feel natural,"on April 16, 2016",2.0 out of 5 stars,Stock Market Sensei,1503582812.086608,Relative ok,2 people found this helpful.
M. Glinsky,0,Can't recognize ticker symbols.,"on April 4, 2017",1.0 out of 5 stars,Stock Info,1503582820.5394619,Gibberish,0
briana gower,0,Gives me the wrong result each time,"on March 29, 2017",1.0 out of 5 stars,Stock Info,1503582820.5514998,Can't understand me,0
jeff,0,Couldn't get any of the stock symbols corr,"on March 2, 2017",1.0 out of 5 stars,Stock Info,1503582820.5625021,Poor voice recognition for stock sy,0
MyName,0,Didn't recognize any of the stock tickers I requested.,"on February 22, 2017",1.0 out of 5 stars,Stock Info,1503582820.5735595,Didn't recognize any of the stock tickers I requested,0
Amazon Customer,0,This is a handy skill to have for Alexa. I would like to see the ability to search for stocks by company in addition to the ticker.,"on February 14, 2017",4.0 out of 5 stars,Stock Info,1503582820.5855868,Close to great,One person found this helpful.
Leslie Smith,0,Very informative way to start the day .,"on July 31, 2017",5.0 out of 5 stars,Morningstar,1503582830.4804814,Five Stars,3 people found this helpful.
Lisa MD Martin,0,"Very helpful information and professionally done by the leading, unbiased voice in the investing arena.","on August 23, 2017",5.0 out of 5 stars,Morningstar,1503582830.4935126,Five Stars,One person found this helpful.
Maureen Bevan,0,I like Morningstar's perspective.,"on July 27, 2017",5.0 out of 5 stars,Morningstar,1503582830.5065227,Investment insights,2 people found this helpful.
Dean Calhoun (dcalhoun@nexstar.com),0,"I'm the owner. If you're into potent compound safety, industrial hygiene, or occupational toxicology, you'll love these Flash briefings.","on July 17, 2017",5.0 out of 5 stars,Potent Compound Safety,1503582838.1387217,you'll love these Flash briefings,One person found this helpful.
Alpha (Risk Over Reward),0,Fantastic skill - does just what it says - answering questions about bank savings accounts and CD rates.  I want them to fully integrate to a bank application - to go from talking to just doing my application and getting this done - that would make it more useful.,"on March 7, 2017",5.0 out of 5 stars,Bank Helper,1503582857.31699,Fantastic skill - does just what it says - answering ...,One person found this helpful.
Amazon Customer,0,Very effective at what it does! Never thought that could be so convenient and accurate to get info that fast. Very very handy!,"on March 9, 2017",5.0 out of 5 stars,Bank Helper,1503582857.329022,Amazing technology,One person found this helpful.
Samaneh Pourjalali,0,Great skill. I was able to ask it questions I would typically have to Google search for. Definitely a useful skill. Very practical.,"on March 7, 2017",5.0 out of 5 stars,Bank Helper,1503582857.3400526,Practical skill!,0
Hooman Borhani,0,"Wow, finally something I always wanted. I don't have to type in Google and find the results. Just say it. Thank you.","on March 9, 2017",5.0 out of 5 stars,Bank Helper,1503582857.3510816,How easy can it get?,0
Nima Navidi,0,"Easy to use and intuitive, simple and effective. I really like How it answers bank questions. Unexpected and fun.","on March 9, 2017",5.0 out of 5 stars,Bank Helper,1503582857.362666,Easy to use and intuitive,0
Amazon Customer,0,"Helped me with some bank questions, great proof of concept but missing some functionality.","on March 19, 2017",4.0 out of 5 stars,Bank Helper,1503582857.373695,"Not perfect, but better than the rest",0
Beatriz,0,Fast and Easy. Genius idea. Don't know why it wasn't thought of Sooner.,"on March 14, 2017",5.0 out of 5 stars,Bank Helper,1503582857.384724,Genius!,0
Owen Brown,0,This skills is pretty slick. I can ask it what the current rates are for CDs.,"on March 7, 2017",5.0 out of 5 stars,Bank Helper,1503582857.3957534,Five Stars,0
Amazon Customer,0,"Thanks to Sofia I found some pretty great deals. Awesome, will definitely use again.","on March 9, 2017",5.0 out of 5 stars,Bank Helper,1503582857.4067824,Five Stars,0
AN,0,"This is a great solid app. It is well done, professional and great to listen to every morning!","on August 22, 2017",5.0 out of 5 stars,Cheddar,1503582864.963111,Really great app about business and important entertainment issues,0
Jon Steinberg,0,When I saw the video flash briefings on the Alexa Show I knew we had to do this. Thrilled to bring the top tech stories to audio and audio/video users of the platform.,"on August 2, 2017",5.0 out of 5 stars,Cheddar,1503582864.9761744,Video briefing,One person found this helpful.
Kristopher B. Jones,0,"Unlike CNBC, Fox Business, and others Cheddar gives me bite sized nuggets of financial and entrepreneurial nuggets wisdom from real people. I find the content authentic and uncensored. It's my #1 source for financial news.","on August 2, 2017",5.0 out of 5 stars,Cheddar,1503582864.9882007,Pumped for daily Cheddar briefings!,0
DMG,0,I could not find anywhere there is a listing of what currencies it supports. No matter what a said for the British Pound it did not recognize it. And I don't have time to have it list the 150 is does support to see what I should say for that currency. Needs an easier way to find the currency you are looking to get the exchange rate for IMO.,"on January 24, 2017",2.0 out of 5 stars,Currency Converter,1503582878.687107,I could not find anywhere there is a listing of ...,One person found this helpful.
rodney,0,"This works perfect for me. If you have a problem it not understanding you, try listening to the list of currency it names off and try that. Ex. Before, I was asking the rate of yen... No answer. But after i heard the currency list. Its listed as Japanese yen, now works perfect.","on January 16, 2017",5.0 out of 5 stars,Currency Converter,1503582878.6991396,Another handy skill,One person found this helpful.
Amazon Customer,0,Does not work as advertised. I asked it several times how much a pound was worth in USD using the examples as a script and it would not give me an answer. It told me several times that 1 USD is worth 1 USD. It also would only list the names of currencies it claimed to know several times without any exchange rates.,"on January 19, 2017",1.0 out of 5 stars,Currency Converter,1503582878.7101686,Very poor,0
dmartin@ealnet.com,0,Alexa can do this without enabling this skill.,"on March 1, 2017",1.0 out of 5 stars,Currency Converter,1503582878.7201958,Not needed,0
Mitiman,0,"Works well, as long as the currency names are enunciated clearly.","on January 11, 2017",4.0 out of 5 stars,Currency Converter,1503582878.7312245,Helpful & Works As Advertised,0
Ismail,0,Can not convert us to canada,"on May 23, 2017",1.0 out of 5 stars,Currency Converter,1503582878.7422538,Terr,0
Jay Fielding,0,This is a really cool way to query the Anypoint Exchange.,"on January 20, 2017",5.0 out of 5 stars,Unofficial Anypoint Exchange,1503582894.4585576,A great skill to demo,0
Micky Mic.,0,"I like it, especially function of checking my current balance without launching an app.Good: It's very helpful. You can interact with Welto and add an operations, check balance and track your goals without launching an app.Suggestion: It would be really helpful to have a function to work with calendar of payments through Alexa","on May 6, 2017",5.0 out of 5 stars,"Welto - Budget, Money, Finance",1503582904.6074064,"I like it, especially function of checking my current balance without launching an app",One person found this helpful.
Amazon Customer,0,Very useful skill. It's perfect to use as hands free. I can simply check my balance with Alexa or add new transactions. Great!I have only one suggestion: it would be great to have an option schedule events and payments to the calendar through this skill as well.,"on May 2, 2017",5.0 out of 5 stars,"Welto - Budget, Money, Finance",1503582904.620469,Very useful skill. It's perfect to use as hands free,2 people found this helpful.
Brian Russo,0,More coin types would be a nice addition.,"on July 28, 2017",4.0 out of 5 stars,Coinprice,1503582914.8774295,Good for quickly checking prices.,0
SF,0,"I had the same issue too where she didn't understand me, until I asked Alexa to enable stock quotes. Then, she told me to ""Ask Stock Quotes to get the quote for _____. Worked perfectly. She absolutely understood the letters. I do agree, however, you should able to enter online a few that you would like to know regularly. And then just say: Alexa give me my stock quotes and she'd know already and tell you. Would make it a much better app.","on December 16, 2016",5.0 out of 5 stars,Stock Quote,1503582937.16948,you should able to enter online a few that you would like to know regularly,4 people found this helpful.
Harry H. Hart III,0,After a number of attempts at just ONE symbol the system returned four different results but NOT the correct one.  This was attempted on all five of my Echo devices and the Echo Dot in my car.  I am removing the skill and will watch for any other skills developed by playdumbo.nyc. Beware.,"on March 3, 2017",1.0 out of 5 stars,Stock Quote,1503582937.1815095,Poor implementation.  Times out before entire symbol can be spoken.  Tried S N A P seven different times,2 people found this helpful.
Alex,0,"Alexa won't stop talking with this app. It's nigh impossible to get her to stop. Even waiting and asking to""exit"" yielded the quote for ""exon"".","on July 5, 2016",1.0 out of 5 stars,Stock Quote,1503582937.194547,Not worth it,One person found this helpful.
Jonnie Santos,0,"Works better with 4 letter symbol - could not get a 2 letter symbol to work. Even had trouble with "" exit"". Prompt should be for symbol or company name. Looking forward to new versions...","on July 16, 2016",2.0 out of 5 stars,Stock Quote,1503582937.2071126,Needs Work,2 people found this helpful.
Amazon Customer,0,Trying getting a quote for luv get lub every time say exit get quote for x needs better voice recognition. Too much trouble being understood.,"on July 15, 2016",1.0 out of 5 stars,Stock Quote,1503582937.2206192,She gets letters mixed,2 people found this helpful.
Colin Fitzpatrick,0,"Works pretty well, I like the way you can ask multiples but it does not need to tell you every time, just the first time would be good","on December 27, 2016",4.0 out of 5 stars,Stock Quote,1503582937.2326798,Works pretty well!,One person found this helpful.
Daniel S.,0,"No matter what you ask, she says she's unable to understand the question !","on October 10, 2016",1.0 out of 5 stars,Stock Quote,1503582937.2457154,Waste of time.,4 people found this helpful.
Amazon Customer,0,It dont understand,"on January 7, 2017",1.0 out of 5 stars,Stock Quote,1503582937.2577465,Junk,One person found this helpful.
Read2Relax,0,Yes it struggles with spoken symbols. I should be able to type my stock symbols in and just ask for update quotes for pre-specified stocks. This is how my sports report works.,"on August 23, 2016",2.0 out of 5 stars,Stock Quote,1503582937.2707527,Needs Improvement,3 people found this helpful.
RayFromMA,0,Needs to allow itself to be interrupted for next quote.,"on June 3, 2016",3.0 out of 5 stars,Stock Quote,1503582937.2837873,Suggested improvement,One person found this helpful.
Amazon Customer,0,Seems to work fine once you activate it. It would be nice to if the company name could be used.  Maybe a company lookup function.  Fairly useful now with lots of room for future growth.  Three thumbs up.,"on August 27, 2016",3.0 out of 5 stars,Stock Quote,1503582942.4969287,Not Bad. Room to grow.,2 people found this helpful.
Amazon Customer,0,Yup! Same problem here. Doesn't understand the call name. MLM,"on December 21, 2016",1.0 out of 5 stars,Stock Quote,1503582942.507958,Doesn't understand,0
Edward H.,0,The app is okay but it won't stop talking. Also only responds to letters for stocks,"on July 22, 2016",3.0 out of 5 stars,Stock Quote,1503582942.51952,Okay but set your expectations low,0
Shamwey,0,"Just used this, very easy and fast.  Great work","on July 23, 2016",5.0 out of 5 stars,Stock Quote,1503582942.530076,Easy,0
richard easton,0,Did not work.,"on July 27, 2016",1.0 out of 5 stars,Stock Quote,1503582942.541105,Wish everything worked the first time,0
platano,0,Did not work on obtaining a stock quote.,"on August 10, 2016",1.0 out of 5 stars,Stock Quote,1503582942.5531373,Wish it worked,2 people found this helpful.
Amazon Customer,0,Miserable app. Shame on you Amazon for including this as a skill!!!,"on December 19, 2016",1.0 out of 5 stars,Stock Quote,1503582942.5641615,"Garbage, Don't waste your time",0
Marion ONeill,0,"The app could not give me eBay, even after Alexa suggested it as an example !!!","on July 29, 2016",2.0 out of 5 stars,Stock Quote,1503582942.5751674,Night sehr gut,0
Kindle Customer,0,Would not give quote for Disney.  Two different voices tried but no quote.,"on August 8, 2016",1.0 out of 5 stars,Stock Quote,1503582942.5862198,Not so good,0
Sue R,0,It stinks Doesn't understand question.,"on September 27, 2016",1.0 out of 5 stars,Stock Quote,1503582942.5992606,Stock Quote,2 people found this helpful.
Alz,0,Works well for most symbols I am interested in.,"on May 28, 2016",4.0 out of 5 stars,Stock Quote,1503582947.0944703,Works well for most symbols I am interested in.,0
Donald Dawson,0,Doesn't work,"on November 28, 2016",1.0 out of 5 stars,Stock Quote,1503582947.1045222,Alexa can't understand,0
Danny M. Uff,0,"This works for me.  I even tried AAPL, DIS, EBAY and others.","on August 14, 2016",3.0 out of 5 stars,Stock Quote,1503582947.1175299,Seems to work fine for me.,One person found this helpful.
Texan,0,"Works only when asking &quot;Alexa, ask Stock Quote to get quote for...&quot;","on October 28, 2016",2.0 out of 5 stars,Stock Quote,1503582947.1290715,Needs improvements,0
"Lori from Castle Rock, CO",0,Works great when Echo knows the stock symbols... She didn't know COP!,"on August 13, 2016",3.0 out of 5 stars,Stock Quote,1503582947.139126,Great if Echo knows the symbol,0
Amazon Customer,0,I cant get tixs if blue chips,"on June 30, 2016",3.0 out of 5 stars,Stock Quote,1503582947.1501558,dow tix,0
Amazon Customer,0,Sucks can't get your letters write,"on August 21, 2016",1.0 out of 5 stars,Stock Quote,1503582947.1631858,SUCKS,One person found this helpful.
Lisa Beth Knights,0,I like that there is nothing to set up and it always has the current price ready.,"on March 23, 2016",5.0 out of 5 stars,CryptoCurrency,1503582955.5754993,Great,3 people found this helpful.
Winston Baker,0,Perfect. Also give change over the last 24 hours so I can keep track of the trend.,"on February 24, 2016",5.0 out of 5 stars,CryptoCurrency,1503582955.5885332,Just what I wanted,2 people found this helpful.
KeriR,0,I love that it tells me the price change from the previous day!  No thinking or tracking required.,"on February 21, 2016",5.0 out of 5 stars,CryptoCurrency,1503582955.6015916,Exactly what I needed,3 people found this helpful.
Annagracie,0,Be Great if Ethereum (ETH) price was available.,"on March 27, 2016",4.0 out of 5 stars,CryptoCurrency,1503582955.6146026,Ethereum  (ETH) price ?,2 people found this helpful.
Hetal Pandya,0,Bitcoins?,"on February 25, 2016",1.0 out of 5 stars,CryptoCurrency,1503582955.62814,Does Amazon take bitcoins?,2 people found this helpful.
